rgn_id,habitat,year,km2
15,mangrove,2015,2088.473236
15,mangrove_inland1km,2015,1321.724156
15,mangrove_offshore,2015,320.607796
15,seagrass,2012,13470.8
15,coral,2012,9668.63
15,soft_bottom,2012,41759.7272023665
